url,date
https://economictimes.indiatimes.com/industry/banking/finance/banking/view-the-issues-with-rbis-plan-to-set-up-nue-entity-for-retail-payments/articleshow/81593891.cms,01-Apr-25
https://economictimes.indiatimes.com/wealth/web-stories/7-reasons-your-upi-transaction-can-get-declined/slideshow/106763705.cms,01-Apr-25
https://economictimes.indiatimes.com/industry/cons-products/electronics/reliance-jio-launches-jiobharat-v3-and-v4-phones-with-4g-features-at-rs-1099/articleshow/114244893.cms,15-Oct-24
https://economictimes.indiatimes.com/wealth/save/upi-atm-launched-check-how-to-use-it-to-withdraw-money/videoshow/103442648.cms,01-Apr-25
https://economictimes.indiatimes.com/small-biz/sme-sector/how-jaipur-based-au-small-finance-bank-plans-to-plug-a-400-billion-credit-gap/articleshow/110321105.cms,01-Apr-25
https://economictimes.indiatimes.com/markets/stocks/news/paytm-fiasco-explained-how-rbi-move-will-impact-your-wallet-fasttag-upi-and-paytm-investors/videoshow/107368580.cms,01-Apr-25
https://economictimes.indiatimes.com/et-now/tech/google-awaiting-rbi-approval-for-upi-npci-chief/videoshow/59531198.cms,01-Apr-25
https://economictimes.indiatimes.com/news/india/pm-modi-in-france-from-upi-at-eiffel-tower-to-new-consulate-in-marseille-key-takeaways/videoshow/101748400.cms,01-Apr-25
https://economictimes.indiatimes.com/wealth/web-stories/5-enhancements-made-to-upi-in-2022-23/slideshow/100622556.cms,01-Apr-25
https://economictimes.indiatimes.com/news/economy/policy/from-web-portal-for-unclaimed-deposits-to-expanding-the-scope-of-upi-key-announcements-from-rbi/videoshow/99295592.cms,01-Apr-25
https://economictimes.indiatimes.com/wealth/web-stories/upi-one-world-can-now-be-used-by-all-inbound-international-travellers/slideshow/111924472.cms,01-Apr-25
https://economictimes.indiatimes.com/wealth/web-stories/how-to-activate-make-payments-using-upi-international/slideshow/107659102.cms,01-Apr-25
https://economictimes.indiatimes.com/markets/stocks/news/here-are-8-highlights-from-rbi-monetary-policy/slideshow/92078244.cms,01-Apr-25
https://economictimes.indiatimes.com/industry/banking/finance/banking/new-age-bankers-get-a-technology-upgrade/articleshow/74200767.cms,01-Apr-25
https://economictimes.indiatimes.com/news/economy/policy/npci-pings-prime-ministers-office-government-departments-to-bring-back-digital-pay-mdr/articleshow/77227834.cms,01-Apr-25
https://economictimes.indiatimes.com/industry/banking/finance/iec-2022-there-is-a-need-to-globalise-upi-stack-kv-kamath/videoshow/90979995.cms,01-Apr-25
https://economictimes.indiatimes.com/tech/technology/regulator-unlikely-to-budge-following-its-statement-on-us-crypto-major-coinbase-using-upi/articleshow/92260376.cms,01-Apr-25
https://economictimes.indiatimes.com/tech/software/watch-google-launches-digital-payments-service-tez/videoshow/60734613.cms,01-Apr-25
https://economictimes.indiatimes.com/tech/technology/big-techs-upi-cap-expected-to-nurture-ecosystem-peers/articleshow/79139545.cms,01-Apr-25
https://economictimes.indiatimes.com/tech/technology/ettech-in-depth-micropayments-internets-sachet-moment-in-india/articleshow/101598878.cms,01-Apr-25
https://economictimes.indiatimes.com/industry/banking/finance/banking/private-banks-are-quitely-introducing-customer-charges-on-digital-payments-during-lockdown/articleshow/77657844.cms,01-Apr-25
https://economictimes.indiatimes.com/wealth/save/upi-rupay-credit-card-who-can-use-it-how-to-add-your-card-transact-and-more/slideshow/98696401.cms,01-Apr-25
https://economictimes.indiatimes.com/small-biz/sme-sector/the-account-aggregator-framework-can-be-smes-upi-or-is-it-too-early-to-give-credit/articleshow/87994782.cms,01-Apr-25
https://economictimes.indiatimes.com/markets/stocks/news/sbi-card-getting-back-on-track-what-lies-ahead/articleshow/93568357.cms,01-Apr-25
https://economictimes.indiatimes.com/tech/tech-bytes/breaking-the-ceiling-meet-ctos-at-the-forefront-of-change-at-wipro-and-kotak-mahindra-bank/articleshow/96479171.cms,01-Apr-25
https://economictimes.indiatimes.com/tech/startups/how-banks-are-snagging-paytm-payments-banks-fastag-business-amid-its-shrinking-market-share/articleshow/110975889.cms,01-Apr-25
https://economictimes.indiatimes.com/small-biz/security-tech/technology/best-time-for-msmes-to-go-from-local-to-global-paypals-nath-parameshwaran/videoshow/92358842.cms,01-04-2025
https://economictimes.indiatimes.com/tech/technology/indiastack-a-digital-infrastructure-like-no-other/articleshow/85281044.cms,01-04-2025
https://economictimes.indiatimes.com/industry/banking/finance/banking/outbreak-may-push-digital-pay-up-37-to-4067l-cr-by-fy22/articleshow/77511712.cms,01-04-2025
https://economictimes.indiatimes.com/tech/internet/whatsapp-pay-was-possible-because-of-indias-upi-system-a-first-in-the-world-mark-zuckerberg-in-conversation-with-mukesh-ambani/videoshow/79737482.cms,01-04-2025
https://economictimes.indiatimes.com/news/politics-and-nation/saraswati-jab-buddhi-baant-rahi-thi-pm-modis-dig-at-congress-chidambaram-over-upi-success/videoshow/112925882.cms,01-04-2025
https://economictimes.indiatimes.com/small-biz/startups/newsbuzz/upi-payments-war-phonepe-doesnt-think-paytm-is-at-the-top/videoshow/63236101.cms,01-04-2025
https://economictimes.indiatimes.com/magazines/panache/this-mom-has-gone-backpacking-to-17-countries-with-her-daughter-she-shares-her-rulebook-for-safe-budget-trips-with-other-women-travellers/articleshow/90049526.cms,01-04-2025
https://economictimes.indiatimes.com/tech/technology/et-money-show-is-your-digital-money-safe/videoshow/98127023.cms,01-04-2025
https://economictimes.indiatimes.com/small-biz/startups/newsbuzz/saif-partners-plans-to-invest-in-15-startups-in-2020-expands-sector-focus/articleshow/73887905.cms,01-04-2025
https://economictimes.indiatimes.com/wealth/spend/rbi-mpc-meet-upi-payment-limits-hiked-to-rs-5-lakh-for-these-transactions-details-here/videoshow/105832800.cms,01-04-2025
https://economictimes.indiatimes.com/tech/technology/how-ocen-is-democratising-credit-smallest-loan-worth-rs-160-sanctioned-in-less-than-10-minutes/articleshow/96133233.cms,01-04-2025
https://economictimes.indiatimes.com/industry/banking/finance/banking/whatsapp-scouts-for-senior-hand-to-steer-india-payment-business/articleshow/77598997.cms,01-04-2025
https://economictimes.indiatimes.com/tech/tech-bytes/npci-to-broaden-its-ownership-to-include-payment-firms-others/articleshow/79139573.cms,01-04-2025
https://economictimes.indiatimes.com/industry/services/retail/gen-z-outpaces-millennials-in-sales-growth-for-fashion-retailers-post-covid/articleshow/81616789.cms,01-04-2025
https://economictimes.indiatimes.com/tech/startups/post-paytm-softbank-sets-eyes-on-juspay/articleshow/87858797.cms,01-04-2025
https://economictimes.indiatimes.com/industry/banking/finance/banking/banks-go-slow-on-atms-as-digital-transactions-gain-pace/articleshow/82111366.cms,01-04-2025
https://economictimes.indiatimes.com/small-biz/startups/newsbuzz/upi-transactions-cross-300-mn-for-first-time-in-august/videoshow/65661094.cms,01-04-2025
https://economictimes.indiatimes.com/news/et-tv/upi-new-mega-app-to-boost-mobile-transactions/videoshow/51792380.cms,01-04-2025
https://economictimes.indiatimes.com/news/politics-and-nation/india-launches-bhim-upi-services-in-bhutan-it-strengthens-ties-says-fm-sitharaman/videoshow/84396852.cms,01-04-2025
https://economictimes.indiatimes.com/wealth/invest/how-to-get-the-same-day-nav-for-mutual-fund-investments/articleshow/83303198.cms,01-04-2025
https://economictimes.indiatimes.com/news/et-tv/upi-the-biggest-innovation-of-last-decade-navneet-chahal/videoshow/100935575.cms,01-04-2025
https://economictimes.indiatimes.com/tech/technology/no-cash-no-card-just-pay-on-the-go/articleshow/78902237.cms,01-04-2025
https://economictimes.indiatimes.com/et-now/tech/upi-app-to-go-live-with-21-banks/videoshow/53856643.cms,01-04-2025
https://economictimes.indiatimes.com/tech/catalysts/ettech-opinion-digital-a-key-driver-of-the-indian-economy/articleshow/97825464.cms,01-04-2025
https://economictimes.indiatimes.com/news/india/pm-modi-macron-interactes-over-a-kulhad-wali-chai-as-they-visited-a-tea-stall-in-jaipur/videoshow/107154858.cms,01-04-2025
https://economictimes.indiatimes.com/small-biz/money/digital-financial-services-have-a-problem-its-called-trust-deficit/articleshow/79012549.cms,01-04-2025
https://economictimes.indiatimes.com/tech/technology/how-bharat-is-being-digitally-transformed/articleshow/92613053.cms,01-04-2025
https://economictimes.indiatimes.com/news/economy/policy/digital-payment-growth-has-not-come-at-the-cost-of-the-card-networks-says-visas-sandeep-ghosh/videoshow/97254932.cms,01-04-2025
https://economictimes.indiatimes.com/markets/stocks/news/fpis-lap-up-consumer-stocks-amid-signals-of-strong-consumption-demand/articleshow/94174345.cms,01-04-2025
https://economictimes.indiatimes.com/news/economy/policy/council-approves-20-gst-cashback-on-bhim-rupay-transactions/videoshow/65271151.cms,01-04-2025
https://economictimes.indiatimes.com/et-now/daily/rbi-launches-unified-interface-payment-system/videoshow/51781116.cms,02-04-2025
/news/web-stories/phonepe-gpay-access-for-foreign-tourists-soon-heres-what-rbi-said/slideshow/97718434.cms,02-04-2025
/wealth/save/what-is-the-per-day-transaction-limit-of-payment-on-upi-123pay-from-a-feature-phone/slideshow/95507921.cms,02-04-2025
/wealth/web-stories/this-banks-customers-can-now-use-rupay-credit-card-on-upi-details-here/slideshow/101339739.cms,02-04-2025
https://economictimes.indiatimes.com/tech/technology/gpay-600x-growth-in-7-years-and-a-long-way-to-go-says-ambarish-khenge-vp-of-google-pay/videoshow/103668061.cms,02-04-2025
https://economictimes.indiatimes.com/news/india/pm-modi-explains-upi-system-to-french-president-macron-outside-local-shop-in-jaipur/videoshow/107152905.cms,02-04-2025
https://economictimes.indiatimes.com/tech/technology/chatbot-providers-upbeat-on-whatsapps-ecommerce-potential/articleshow/88192632.cms,02-04-2025
https://economictimes.indiatimes.com/news/et-tv/upi-app-to-go-live-with-21-banks/videoshow/53857585.cms,02-04-2025
https://economictimes.indiatimes.com/small-biz/sme-sector/battered-by-lockdown-small-businesses-used-the-worlds-largest-messaging-platform-to-bounce-back-whatsapp/articleshow/78460503.cms,02-04-2025
https://economictimes.indiatimes.com/industry/banking/finance/banking/would-you-like-to-open-a-crypto-account-with-us-banks-face-moment-of-reckoning/articleshow/89357597.cms,02-04-2025
https://economictimes.indiatimes.com/tech/technology/ettech-in-depth-bhim-promised-the-moon-but-failed-to-deliver-can-npci-turn-it-around/articleshow/112765496.cms,02-04-2025
/industry/banking/finance/banking/steps-to-reverse-accidental-upi-transactions/slideshow/104082673.cms,02-04-2025
/wealth/save/how-to-enable-upi-lite-payments-on-paytm-app-for-small-transactions/slideshow/110177953.cms,02-04-2025
https://economictimes.indiatimes.com/industry/banking/finance/in-times-of-social-distancing-most-indians-stay-away-from-cash-purchases-this-diwali/articleshow/79333720.cms,02-04-2025
https://economictimes.indiatimes.com/news/economy/policy/view-rbis-recent-announcement-on-offline-digital-payments-can-be-a-game-changer/articleshow/77450365.cms,02-04-2025
/wealth/web-stories/sbi-customers-heres-how-you-can-enable-disable-upi-for-your-accounts/slideshow/99490553.cms,02-04-2025
https://economictimes.indiatimes.com/tech/ites/cci-may-ping-google-for-information-on-its-7-73-stake-in-jio-platforms/articleshow/78611347.cms,02-04-2025
/wealth/save/paytm-upi-international-how-to-activate-to-pay-for-malls-in-uae-cafes-in-france-shopping-in-singapore-using-paytm-app/slideshow/115478334.cms,02-04-2025
/wealth/web-stories/beware-of-this-upi-fraud-precautions-to-avoid-being-scammed/slideshow/96056094.cms,02-04-2025
https://economictimes.indiatimes.com/tech/technology/indias-upi-join-hands-with-singapores-paynow-who-will-it-benefit/videoshow/98158190.cms,02-04-2025
https://economictimes.indiatimes.com/tech/technology/whatsapp-gets-npci-green-signal-to-launch-upi-payment/videoshow/79074662.cms,02-04-2025
https://economictimes.indiatimes.com/tech/information-tech/tech-majors-see-pickup-in-government-psu-business/articleshow/92657858.cms,02-04-2025
https://economictimes.indiatimes.com/tech/tech-bytes/whatsapp-pay-plans-significant-investments-in-next-six-months/articleshow/87968578.cms,02-04-2025
/top-trending-products/news/amazon-sale-2023-upgrade-your-refrigerator-with-the-latest-one-at-a-discounted-price/articleshow/104384270.cms,02-04-2025
https://economictimes.indiatimes.com/news/et-tv/how-to-use-unified-payments-interface-upi-app/videoshow/53948749.cms,02-04-2025
https://economictimes.indiatimes.com/news/politics-and-nation/bhim-upi-which-you-use-for-digital-payments-weve-named-it-after-babasaheb-ambedkar-pm-modi/videoshow/109286359.cms,02-04-2025
/top-trending-products/news/amazon-great-republic-day-sale-2023-up-to-70-off-on-dslrs-mirrorless-cameras-lenses-other-accessories/articleshow/97007914.cms,02-04-2025
/news/web-stories/how-upi-changed-indias-payment-mood/slideshow/97490377.cms,02-04-2025
https://economictimes.indiatimes.com/industry/banking/finance/banking/visa-and-mastercard-are-firming-up-plans-to-increase-competition-against-npci/articleshow/77894158.cms,02-04-2025
https://economictimes.indiatimes.com/tech/technology/6-nations-sign-up-for-iiit-bs-digital-identity-platform/articleshow/93114853.cms,02-04-2025
https://economictimes.indiatimes.com/small-biz/sme-sector/can-india-find-its-manufacturing-mojo-as-the-world-trade-lines-get-redrawn/articleshow/99423169.cms,02-04-2025
https://economictimes.indiatimes.com/tech/technology/tracking-the-buzz-in-tech/articleshow/88634316.cms,02-04-2025
/top-trending-products/news/amazon-great-freedom-festival-sale-2023-kettles-breakfast-essentials/articleshow/102441838.cms,02-04-2025
/wealth/spend/rupay-credit-card-on-upi-what-is-it-who-can-use-transaction-limit-and-more/slideshow/94934055.cms,02-04-2025
https://economictimes.indiatimes.com/tech/internet/cyber-security-robust-cyber-infrastructure-pivotal-for-indias-digital-economy-push/articleshow/78180836.cms,02-04-2025
/wealth/save/nris-from-these-countries-can-use-upi-with-their-international-mobile-numbers-soon/slideshow/97028511.cms,02-04-2025
https://economictimes.indiatimes.com/news/et-tv/razorpays-bets-big-on-upi-products/videoshow/54816624.cms,02-04-2025
/wealth/save/how-the-e-rupi-digital-payment-mechanism-works/slideshow/89732197.cms,02-04-2025
https://economictimes.indiatimes.com/news/india/german-minister-hails-indias-upi-payment-system-after-first-hand-experience-at-a-veggie-shop/videoshow/102878977.cms,02-04-2025
/top-trending-products/news/amazon-great-republic-day-sale-up-to-60-off-on-daily-needs/articleshow/106826467.cms,02-04-2025
/wealth/save/upi-lite-allows-you-to-transact-up-to-rs-500-without-pin-how-to-activate-upi-lite-on-paytm/slideshow/103361910.cms,02-04-2025
/news/web-stories/how-to-link-rupay-credit-card-to-upi/slideshow/94683576.cms,02-04-2025
/top-trending-products/news/amazon-great-freedom-festival-sale-2023-get-huge-discounts-on-irons/articleshow/102414402.cms,02-04-2025
/top-trending-products/news/best-never-seen-before-amazon-deals-on-samsung-tablets-that-you-cant-miss-out-on-this-amazon-great-summer-sale/articleshow/109806371.cms,02-04-2025
/wealth/save/upi-autopay-launched-on-google-play-how-to-activate/slideshow/95529665.cms,02-04-2025
https://economictimes.indiatimes.com/tech/technology/npci-to-moderate-onboarding-on-upi-apps-if-30-limit-nears/articleshow/79181443.cms,02-04-2025
/nri/web-stories/countries-where-you-can-pay-by-upi/slideshow/107682631.cms,02-04-2025
https://economictimes.indiatimes.com/markets/stocks/news/rbi-mpc-heres-why-mythili-bhushnurmath-says-we-are-in-a-tough-spot-and-its-not-changing-soon/videoshow/92075413.cms,02-04-2025
https://economictimes.indiatimes.com/news/economy/indicators/will-the-light-shine-on-indias-economy-tracking-the-diwali-spend-and-looking-at-post-festival-recovery/articleshow/79105055.cms,02-04-2025
https://economictimes.indiatimes.com/tech/technology/prospective-nue-applicants-want-clarity-from-rbi/articleshow/79072780.cms,02-04-2025
/wealth/web-stories/countries-where-you-can-use-upi-to-make-payments/slideshow/107654788.cms,02-04-2025
/wealth/save/how-to-withdraw-cash-from-atms-using-upi-a-step-by-step-guide/slideshow/100816665.cms,02-04-2025
https://economictimes.indiatimes.com/tech/technology/whats-next-for-digital-india/articleshow/90608332.cms,02-04-2025
/wealth/invest/paying-your-mutual-fund-sip-using-upi/slideshow/64258462.cms,02-04-2025
/top-trending-products/news/amazon-freedom-sale-2024-up-to-40-off-on-alexa-and-fire-tv/articleshow/112390624.cms,02-04-2025
https://economictimes.indiatimes.com/tech/technology/cbdc-on-blockchain-may-not-be-the-best-idea-experts-say/articleshow/89306951.cms,02-04-2025
/wealth/save/upi-upi-lite-upi-123pay-upi-lite-x-what-are-the-transaction-limits-for-these-upi-payments/slideshow/114075158.cms,02-04-2025
https://economictimes.indiatimes.com/industry/banking/finance/banking/as-digital-pay-opens-up-so-do-banking-frauds/articleshow/78327977.cms,02-04-2025
https://economictimes.indiatimes.com/news/india/rbi-governor-shaktikanta-das-speaks-at-global-fintech-fest-2024-live/videoshow/112867431.cms,02-04-2025
https://economictimes.indiatimes.com/news/economy/finance/lack-of-clarity-icici-shuts-out-crypto-trades/articleshow/82337734.cms,02-04-2025
https://economictimes.indiatimes.com/markets/stocks/news/paytms-core-parameters-improving-widening-loss-remains-a-concern/articleshow/87970582.cms,02-04-2025
https://economictimes.indiatimes.com/markets/stocks/news/will-the-outperformance-continue-understanding-risks-a-must-13-psu-banks-7-with-an-upside-potential-of-up-to-37/articleshow/115122861.cms,02-04-2025
https://economictimes.indiatimes.com/tech/tech-bytes/2020-year-in-review-the-stage-set-for-upi-to-unlock-its-promise/articleshow/80001851.cms,02-04-2025
/top-trending-products/gifts/14-best-selling-birthday-gifts-for-sisters/articleshow/99031279.cms,02-04-2025
/top-trending-products/news/amazon-great-indian-festival-2024-live-for-prime-members-up-to-55-off-on-washing-machines/articleshow/113670981.cms,02-04-2025
/top-trending-products/news/amazon-great-republic-sale-top-headsets-at-a-78-discount-at-prime-early-deals-/articleshow/96981775.cms,02-04-2025
https://economictimes.indiatimes.com/industry/services/retail/view-namaste-kirana-com-covid-can-open-new-doors-for-neighbourhood-shops/articleshow/77790531.cms,02-04-2025
/industry/banking/finance/rupay-in-uae-upi-in-us-heres-what-fm-said/slideshow/94802982.cms,02-04-2025
https://economictimes.indiatimes.com/magazines/panache/diwali-gets-a-virtual-spin-online-card-parties-see-family-and-friends-bond-across-cities/articleshow/79185873.cms,02-04-2025
/wealth/personal-finance-news/fd-to-home-loan-to-upi-to-foreign-exchange-key-rbi-mpc-announcements-to-know/slideshow/116043090.cms,02-04-2025
https://economictimes.indiatimes.com/small-biz/sme-sector/upi-inflation-and-ott-are-making-toffee-makers-sweat-it-out/articleshow/94824452.cms,02-04-2025
https://economictimes.indiatimes.com/news/india/netherlands-pm-mark-rutte-fascinated-by-indias-upi-calls-it-simple-and-easy/videoshow/103586824.cms,02-04-2025
/news/india/how-consumers-lose-money-through-online-transactions-upi-fraud/slideshow/100877962.cms,02-04-2025
/top-trending-products/news/amazon-great-freedom-festival-massive-discount-of-up-to-60-on-soundbars-and-speakers/articleshow/112306784.cms,02-04-2025
/industry/banking/finance/banking/e-rupi-what-is-it-how-does-it-work/slideshow/84973008.cms,02-04-2025
https://economictimes.indiatimes.com/wealth/invest/sbi-cards-payment-is-on-growth-path-4-reasons-analysts-are-bullish-on-the-stock/articleshow/100032908.cms,02-04-2025
https://economictimes.indiatimes.com/news/india/pm-modi-highlights-digital-payment-prowess-france-first-european-country-to-accept-indias-upi/videoshow/101741670.cms,02-04-2025
https://economictimes.indiatimes.com/tech/technology/talk-to-bhashini-for-upi-payments-in-your-local-language/articleshow/104379629.cms,02-04-2025
https://economictimes.indiatimes.com/markets/stocks/news/upi-the-biggest-innovation-of-last-decade-navneet-chahal/videoshow/100935569.cms,02-04-2025
https://economictimes.indiatimes.com/et-now/tech/how-to-use-unified-payments-interface-upi-app/videoshow/53948337.cms,02-04-2025
https://economictimes.indiatimes.com/small-biz/gst/gst-dynamic-qr-code-for-b2c-invoices-all-you-need-to-know-to-stay-compliant/articleshow/81240268.cms,02-04-2025
/top-trending-products/news/amazon-sale-2024-great-deals-on-tvs-washing-machines-acs-and-refrigerators-from-top-brands/articleshow/106871214.cms,02-04-2025
https://economictimes.indiatimes.com/tech/technology/whatsapp-pay-turns-to-bharat-to-win-epay-race/articleshow/88513079.cms,02-04-2025
/nri/web-stories/indians-can-pay-via-upi-while-travelling-to-these-gorgeous-countries/slideshow/101863084.cms,02-04-2025
https://economictimes.indiatimes.com/markets/forex/lack-of-clarity-icici-shuts-out-crypto-trades/articleshow/82334138.cms,02-04-2025
/tech/software/google-launches-mobile-payment-app-tez-in-india/slideshow/60734241.cms,02-04-2025
https://economictimes.indiatimes.com/industry/banking/finance/banking/tata-sons-readying-universal-payments-solution/articleshow/81680874.cms,02-04-2025
https://economictimes.indiatimes.com/news/economy/policy/view-the-answers-to-indias-post-covid-revival-go-beyond-public-spending-and-macro-remedies/articleshow/77337037.cms,02-04-2025
/top-trending-products/news/amazon-summer-sale-this-year-brings-you-best-deals-on-laptops-from-the-top-brands-like-apple-dell-hp-samsung-lenovo-and-more/articleshow/109770642.cms,02-04-2025
/news/web-stories/upi-transaction-limit-over-here-are-some-solutions/slideshow/96004085.cms,02-04-2025
/industry/banking/finance/banking/upi-payment-limit-this-is-the-daily-amount-one-can-spend-using-gpay-phonepe-and-paytm/slideshow/96055653.cms,02-04-2025
/news/web-stories/whatsapp-pay-easy-step-by-step-guide-to-use/slideshow/95304039.cms,02-04-2025
/wealth/save/when-do-bhim-upi-transactions-get-declined/slideshow/96984696.cms,02-04-2025
/wealth/invest/how-to-use-upi-id-to-apply-for-ipos/slideshow/71098190.cms,02-04-2025
https://economictimes.indiatimes.com/news/india/india-deciphered-where-internet-is-mobile-cash-rules-and-startups-are-replacing-it-as-the-great-white-hope/articleshow/90560624.cms,02-04-2025
https://economictimes.indiatimes.com/tech/technology/pm-modi-calls-for-global-solutions-at-bengaluru-tech-event-watch-highlights/videoshow/79305295.cms,02-04-2025
/wealth/save/upi-activation-with-aadhaar-card-phonepe-launches-new-facility-how-to-use-it/slideshow/95472507.cms,02-04-2025
https://economictimes.indiatimes.com/small-biz/entrepreneurship/upi-payment-without-internet-or-smartphone-why-your-feature-phone-promises-to-be-a-smart-secure-wallet/articleshow/91333745.cms,02-04-2025
https://economictimes.indiatimes.com/news/economy/policy/driving-indias-digital-ecosystem-innovation-zipping-through-the-digital-fast-lane/articleshow/80335681.cms,02-04-2025
/top-trending-products/news/save-more-in-the-amazon-sale-diamond-rewards-cash-backs-pay-later-and-many-more-offers/articleshow/94393081.cms,02-04-2025
https://economictimes.indiatimes.com/tech/technology/view-the-likely-impact-of-jack-mas-disappearance-on-paytms-vijay-shekhar-sharma/articleshow/80273563.cms,01-04-2025
https://economictimes.indiatimes.com/tech/technology/paytm-payment-services-chief-compliance-officer-resigns/articleshow/112108832.cms,01-04-2025
https://economictimes.indiatimes.com/industry/banking/finance/banking/banking-sector-was-hurt-in-the-name-of-aggressive-lending-a-decade-back-pm-modi/videoshow/81230758.cms,01-04-2025
https://economictimes.indiatimes.com/news/india/digital-transactions-will-soon-surpass-cash-in-india-pm-modi/videoshow/98115832.cms,01-04-2025
https://economictimes.indiatimes.com/tech/technology/google-amazon-facebook-eye-local-tieups-to-set-up-a-npci-rival/articleshow/79160883.cms,01-04-2025
https://economictimes.indiatimes.com/tech/internet/a-bengaluru-venture-wants-to-replicate-upis-success-in-mobility-ecomm/articleshow/77566009.cms,01-04-2025
https://economictimes.indiatimes.com/news/economy/finance/cbdc-explained-what-is-e-rupee-and-how-can-you-use-it-heres-everything-you-need-to-know/videoshow/95891631.cms,01-04-2025
/wealth/web-stories/how-to-set-up-swiggy-upi-account/slideshow/112624697.cms,01-04-2025
https://economictimes.indiatimes.com/tech/technology/upi-for-nris-praveena-rai-of-npci-speaks-about-the-development-response/videoshow/97558223.cms,01-04-2025
/wealth/web-stories/upi-transaction-tips-to-ensure-a-successful-upi-transaction-every-time/slideshow/95578794.cms,01-04-2025
https://economictimes.indiatimes.com/tech/startups/why-kunal-shahs-cred-is-betting-on-secured-loan-products/articleshow/110881541.cms,01-04-2025
https://economictimes.indiatimes.com/tech/internet/we-will-continue-to-aggressively-invest-in-india-and-in-product-innovation-fbs-india-head/articleshow/78221322.cms,01-04-2025
/top-trending-products/news/amazon-great-summer-sale-2024-samsung-lg-washing-machines-on-sale/articleshow/109831062.cms,01-04-2025
/wealth/web-stories/upi-transactions-to-remain-free-for-you-npci-clarifies/slideshow/99085406.cms,01-04-2025
/news/web-stories/getting-coins-from-vending-machines-using-upi-to-be-a-reality-soon/slideshow/97724019.cms,01-04-2025
/top-trending-products/news/amazon-great-indian-festival-2024-live-now-biggest-off-season-deals-on-acs/articleshow/113738572.cms,01-04-2025
https://economictimes.indiatimes.com/industry/banking/finance/banking/will-mint-streets-digital-currency-ambition-break-the-banking-system/articleshow/87235548.cms,01-04-2025
/wealth/spend/airport-lounge-rewards-for-upi-users-get-complimentary-airport-lounge-access-via-this-fintech-platform/slideshow/117979673.cms,01-04-2025
https://economictimes.indiatimes.com/small-biz/sme-sector/boom-time-for-logistics-sector-in-india-ondc-can-be-bigger-than-upi-shadowfaxs-abhishek-bansal/videoshow/100931842.cms,01-04-2025
https://economictimes.indiatimes.com/news/et-tv/universal-payment-interface-upi-goes-live-with-21-banks/videoshow/53862124.cms,01-04-2025
https://economictimes.indiatimes.com/markets/forex/npci-refuses-to-ban-crypto-leaves-it-to-banks/articleshow/82422858.cms,01-04-2025
/tech/web-stories/indias-first-upi-atm-launched-all-you-need-to-know/slideshow/103474681.cms,01-04-2025
https://economictimes.indiatimes.com/tech/information-tech/ibm-chairman-endorses-indias-demand-for-data-localisation-of-personal-data/articleshow/87809364.cms,01-04-2025
/industry/banking/finance/banking/whatsapp-pay-goes-official-after-npci-approval/slideshow/79082708.cms,01-04-2025
/wealth/web-stories/will-your-paytm-wallet-continue-to-work-is-your-money-safe-7-important-faqs/slideshow/107447851.cms,01-04-2025
https://economictimes.indiatimes.com/industry/banking/finance/banking/upi-war-paytm-founder-lashes-out-at-facebook-phonepe-accuses-google-for-power-misuse/videoshow/62920885.cms,01-04-2025
https://economictimes.indiatimes.com/industry/banking/finance/banking/epay-firms-have-a-lot-riding-on-contactless-pay-at-rail-metro/articleshow/77986260.cms,01-04-2025
https://economictimes.indiatimes.com/tech/technology/consumer-sentiment-catches-december-chill/articleshow/79766305.cms,01-04-2025
https://economictimes.indiatimes.com/tech/information-tech/information-overload-is-a-bigger-epidemic-than-the-pandemic-nandan-nilekani/articleshow/89519485.cms,01-04-2025
/industry/banking/finance/banking/paytm-payments-bank-closure-on-march-15-will-limit-certain-services-learn-more/slideshow/108489312.cms,01-04-2025
https://economictimes.indiatimes.com/news/et-tv/budget-likely-to-announce-new-tax-sops-for-e-payments-sources/videoshow/56516044.cms,01-04-2025
/news/web-stories/how-to-link-debit-card-on-gpay/slideshow/94883393.cms,01-04-2025
/nri/web-stories/how-to-use-upi-abroad/slideshow/102050020.cms,01-04-2025
/wealth/invest/how-to-apply-for-lic-ipo-using-upi-id/slideshow/91339031.cms,01-04-2025
/top-trending-products/news/amazon-great-freedom-sale-2024-grab-the-best-air-purifiers-at-incredible-prices/articleshow/112406998.cms,01-04-2025
https://economictimes.indiatimes.com/markets/stocks/news/is-it-time-for-them-to-get-re-rated-only-for-moderate-risk-takers-5-mid-small-sized-psu-banks/articleshow/106018279.cms,01-04-2025
https://economictimes.indiatimes.com/tech/technology/cyber-fear-new-season-of-jamtara-unfolds-pan-india/articleshow/79358075.cms,01-04-2025
https://economictimes.indiatimes.com/news/india/mann-ki-baat-pm-modi-talks-about-rivers-jan-dhan-bank-accounts-upi-transactions-khadi-products/videoshow/86527066.cms,01-04-2025
https://economictimes.indiatimes.com/magazines/panache/cryptocurrencies-shouldnt-face-the-similar-fate-as-internet-like-in-90s-how-the-proposed-ban-can-be-challenged/articleshow/78316706.cms,01-04-2025
https://economictimes.indiatimes.com/industry/banking/finance/banking/banks-voice-concern-over-rbis-24x7-fund-transfer-decision/articleshow/72878630.cms,01-04-2025
https://economictimes.indiatimes.com/news/economy/policy/rbi-boosts-transparency-in-emi-reset-enhances-transactions-limit-for-upi-lite-payments/videoshow/102598344.cms,01-04-2025
/top-trending-products/news/amazon-great-summer-sale-unmissable-deals-on-air-purifiers-from-leading-brands/articleshow/109830957.cms,01-04-2025
/industry/banking/finance/upi-payments-who-will-pay-extra-charge-who-wont/slideshow/99091715.cms,01-04-2025
/top-trending-products/news/amazon-prime-day-sale-30-to-80-off-on-fashion-and-beauty/articleshow/111823502.cms,01-04-2025
/wealth/save/3-rbi-announcements-for-upi-upi-lite-payment-limit-hiked-to-rs-500-conversational-payments-and-more/slideshow/102612804.cms,01-04-2025
https://economictimes.indiatimes.com/tech/technology/steps-google-is-taking-to-cement-its-position-in-india/articleshow/104785876.cms,01-04-2025
https://economictimes.indiatimes.com/tech/technology/watch-dos-and-donts-on-upi-usage-while-doing-digital-payments/videoshow/90724524.cms,01-04-2025
https://economictimes.indiatimes.com/news/company/corporate-trends/et-awards-2018-npci-is-the-policy-change-agent-of-the-year/videoshow/66669516.cms,01-04-2025
https://economictimes.indiatimes.com/magazines/panache/watch-whatsapp-rolls-out-p2p-payments-for-select-beta-users/videoshow/62856423.cms,01-04-2025
https://economictimes.indiatimes.com/tech/startups/payu-billdesk-saga-uncertainty-looms-over-indian-fintechs/articleshow/94650408.cms,01-04-2025
https://economictimes.indiatimes.com/industry/banking/finance/banking/pm-modi-launches-e-rupi-indias-new-purpose-specific-digital-payment-solution/videoshow/84976092.cms,01-04-2025
https://economictimes.indiatimes.com/tech/technology/india-75-the-journey-of-tech-industry-achievements-and-the-road-ahead/videoshow/93562598.cms,01-04-2025
https://economictimes.indiatimes.com/magazines/panache/watch-whatsapp-rolls-out-p2p-payments-for-select-beta-users/videoshow/62856423.cms,01-04-2025
https://economictimes.indiatimes.com/tech/startups/payu-billdesk-saga-uncertainty-looms-over-indian-fintechs/articleshow/94650408.cms,01-04-2025
https://economictimes.indiatimes.com/industry/banking/finance/banking/pm-modi-launches-e-rupi-indias-new-purpose-specific-digital-payment-solution/videoshow/84976092.cms,01-04-2025
https://economictimes.indiatimes.com/tech/technology/india-75-the-journey-of-tech-industry-achievements-and-the-road-ahead/videoshow/93562598.cms,01-04-2025
/wealth/spend/emi-on-upi-payments-now-these-rupay-credit-debit-card-holders-can-get-emi-option-on-upi-payments/slideshow/113459692.cms,02-04-2025
https://economictimes.indiatimes.com/tech/technology/japan-impressed-by-indias-payment-gateway-to-adopt-upi-system-it-minister-ashwini-vaishnaw/videoshow/101466480.cms,02-04-2025
https://economictimes.indiatimes.com/tech/technology/prevented-scams-of-rs-12000-cr-via-upi-gpay-vp-ambarish-kenghe-on-fraud-detection-mechanism/videoshow/104563969.cms,02-04-2025
/wealth/spend/sent-money-to-the-wrong-account-through-upi-what-you-need-to-do-now/slideshow/115806379.cms,02-04-2025
/wealth/save/paytm-launches-upi-statement-download-feature-how-to-use/slideshow/115017399.cms,02-04-2025
https://economictimes.indiatimes.com/industry/banking/finance/view-the-government-needs-to-take-a-step-back-reduce-its-interference-with-digital-payments/articleshow/78560774.cms,02-04-2025
https://economictimes.indiatimes.com/small-biz/startups/newsbuzz/paytm-launches-all-in-one-qr-for-merchants-to-accept-unlimited-payments-at-0-fee/videoshow/73158685.cms,02-04-2025
/top-trending-products/news/amazon-prime-day-appliance-launches-exclusive-deals-for-shoppers/articleshow/111797749.cms,02-04-2025
/top-trending-products/news/amazon-sale-2023-grab-hot-deals-on-impressive-air-conditioners/articleshow/104416589.cms,02-04-2025
https://economictimes.indiatimes.com/news/economy/policy/difference-between-upi-and-e-rupee-transaction-rbi-governor-explains/videoshow/96062402.cms,02-04-2025
/top-trending-products/news/amazon-prime-day-sale-greatest-deals-on-lg-appliances/articleshow/111896566.cms,02-04-2025
/wealth/save/how-to-use-upi-123pay-via-ivr-number/slideshow/91830356.cms,02-04-2025
https://economictimes.indiatimes.com/tech/internet/google-rebrands-tez-payment-app-as-google-pay-adds-new-features/videoshow/65579660.cms,02-04-2025
https://economictimes.indiatimes.com/news/et-tv/googles-upi-solution-awaits-rbi-approval/videoshow/59540004.cms,02-04-2025
https://economictimes.indiatimes.com/industry/banking/finance/banking/hdfc-banks-problems-may-be-linked-to-growing-too-fast/articleshow/79550016.cms,02-04-2025
https://economictimes.indiatimes.com/et-now/tech/razorpay-bets-big-on-upi-products/videoshow/54816617.cms,02-04-2025
https://economictimes.indiatimes.com/news/economy/policy/rbi-guv-shaktikanta-das-proposes-upi-for-international-travelers-coin-vending-machines-in-12-cities/videoshow/97727650.cms,02-04-2025
/wealth/web-stories/how-to-withdraw-money-from-an-atm-using-google-pay/slideshow/111429995.cms,02-04-2025
/top-trending-products/news/best-beauty-deals-with-discounts-never-seen-before-on-this-years-amazon-great-summer-sale-that-you-need-to-check-out/articleshow/109842389.cms,02-04-2025
https://economictimes.indiatimes.com/tech/startups/paytm-ceo-vijay-shekhar-sharma-on-growing-digital-footprint-in-india-people-trust-online-transactions/videoshow/105878213.cms,02-04-2025
https://economictimes.indiatimes.com/news/politics-and-nation/mann-ki-baat-e-sanjeevani-app-and-upi-system-are-power-of-digital-india-says-pm-modi/videoshow/98250064.cms,02-04-2025
/wealth/save/savings-account-has-more-benefits-than-just-savings-money-know-more/slideshow/106964743.cms,02-04-2025
https://economictimes.indiatimes.com/tech/tech-bytes/real-time-information-sharing-can-help-check-cyber-fraud/articleshow/78902252.cms,02-04-2025
/top-trending-products/news/amazon-great-freedom-sale-2024-unmissable-discounts-on-55-and-65-tvs/articleshow/112335921.cms,02-04-2025
https://economictimes.indiatimes.com/tech/technology/ondc-to-publish-dispute-resolution-draft/articleshow/94309807.cms,02-04-2025
https://economictimes.indiatimes.com/industry/banking/finance/banking/upi-encouraged-a-step-towards-cashless-economy-nandan-nilekani/videoshow/61550457.cms,02-04-2025
/wealth/save/does-i-need-to-register-a-beneficiary-before-transferring-funds-through-upi-what-is-maximum-i-can-transfer/slideshow/91737950.cms,02-04-2025
/wealth/save/3-new-rupay-credit-card-rules-npcis-new-features-for-rupay-credit-card/slideshow/109061931.cms,02-04-2025
https://economictimes.indiatimes.com/markets/stocks/news/digital-rules-card-swipes-make-way-for-mobile-taps/articleshow/83017738.cms,02-04-2025
https://economictimes.indiatimes.com/industry/banking/finance/banking/indian-bankings-digital-drive-is-looking-increasingly-bright-for-banking-correspondents/articleshow/80189141.cms,02-04-2025
/top-trending-products/news/beat-hot-deals-on-fossil-and-fastrack-smartwatches-that-cant-be-missed-this-amazon-summer-sale/articleshow/109856035.cms,02-04-2025
/news/web-stories/nri-from-these-10-countries-can-use-upi-know-more-about-it/slideshow/96958326.cms,02-04-2025
/industry/services/travel/list-of-countries-where-indias-upi-payment-system-accepted/slideshow/102130458.cms,02-04-2025
/top-trending-products/news/amazon-prime-day-2024-crazy-discounts-on-books-and-toys/articleshow/111897997.cms,02-04-2025
/top-trending-products/news/amazon-freedom-sale-2023-last-days-grab-all-best-deals-before-sale-ends/articleshow/102502508.cms,02-04-2025
/wealth/save/what-is-upi-lite-who-can-use-what-is-the-maximum-transaction-limit/slideshow/94481609.cms,02-04-2025
https://economictimes.indiatimes.com/tech/technology/tata-digital-snags-top-ecomm-execs-eyes-online-travel-home-service-businesses/articleshow/90671626.cms,02-04-2025
/wealth/spend/is-rbis-e-rupee-better-than-upi/slideshow/94909709.cms,02-04-2025
https://economictimes.indiatimes.com/markets/stocks/news/taking-risk-understanding-risks-are-two-different-things-13-psu-banks-7-with-upside-potential-of-up-to-37/articleshow/107228398.cms,02-04-2025
https://economictimes.indiatimes.com/industry/banking/finance/rbi-npci-mull-stricter-checks-for-digital-pay-amid-growing-antitrust-data-privacy-issues/articleshow/78864612.cms,02-04-2025
https://economictimes.indiatimes.com/tech/technology/paytm-npci-sbi-card-launch-rupay-credit-cards-vijay-sharma-calls-upi-card-linkage-a-revolution/videoshow/100336591.cms,02-04-2025
https://economictimes.indiatimes.com/tech/technology/gamers-put-real-money-on-table-ahead-of-28-tax-regime/articleshow/104091989.cms,02-04-2025
https://economictimes.indiatimes.com/news/economy/indicators/indias-economic-recovery-a-report-card-on-the-performance-of-key-sectors-in-july/articleshow/77253168.cms,02-04-2025
https://economictimes.indiatimes.com/tech/technology/much-obliged-bot-ji/articleshow/98049010.cms,02-04-2025
https://economictimes.indiatimes.com/et-now/finance/what-is-upi-gaurav-mashruwala-explains-the-mechanism/videoshow/54249423.cms,02-04-2025
/wealth/web-stories/home-loans-fd-interest-rates-upi-for-international-travellers-rbi-policy-and-your-money/slideshow/97722891.cms,02-04-2025
/wealth/save/4-banks-offering-upi-interoperability-on-central-bank-digital-currency-cbdc-app/slideshow/103209566.cms,02-04-2025
/wealth/web-stories/how-to-unlink-your-bank-account-from-upi/slideshow/103932370.cms,02-04-2025
https://economictimes.indiatimes.com/tech/technology/forex-betting-apps-lure-unwitting-investors-as-crypto-craze-wanes/articleshow/93934714.cms,02-04-2025
/wealth/save/what-latest-npci-approval-for-paytm-means-for-those-using-paytm-upi-handle/slideshow/108522704.cms,02-04-2025
/wealth/save/three-new-upi-related-announcements-made-this-week/slideshow/112921226.cms,02-04-2025
/top-trending-products/news/amazon-great-indian-festival-2024-live-for-prime-members-up-to-45-off-on-bestselling-laptops/articleshow/113686460.cms,02-04-2025
https://economictimes.indiatimes.com/news/economy/finance/npci-considering-ways-to-tighten-non-compete-clauses-to-contracts-of-senior-mid-level-employees/articleshow/79410945.cms,02-04-2025
https://economictimes.indiatimes.com/tech/internet/view-future-of-digitisation-hinges-on-adequate-digital-security/articleshow/78560842.cms,02-04-2025
/wealth/spend/follow-these-tips-to-prevent-upi-frauds/slideshow/94673756.cms,02-04-2025
https://economictimes.indiatimes.com/tech/technology/techmeisters-tales-how-these-ctos-built-robust-processes-from-scratch/articleshow/96305168.cms,02-04-2025
https://economictimes.indiatimes.com/wealth/invest/your-mutual-fund-sip-may-actually-be-a-lump-sum-investment-heres-why/articleshow/90456871.cms,02-04-2025
https://economictimes.indiatimes.com/et-now/daily/paytm-npci-sbi-card-launch-rupay-credit-cards-vijay-sharma-calls-upi-card-linkage-a-revolution/videoshow/100336592.cms,02-04-2025
https://economictimes.indiatimes.com/small-biz/sme-sector/digital-wonder-of-the-world-how-india-stack-is-rebuilding-the-ecosystem-for-millions-of-small-businesses/articleshow/91655105.cms,02-04-2025
/wealth/save/paytm-onboarding-of-new-upi-users-how-to-link-your-bank-account-on-paytm-app-to-get-a-new-upi-id/slideshow/114546315.cms,02-04-2025
/wealth/spend/credit-card-on-upi-who-is-eligible-which-apps-allow-daily-limit-and-more/slideshow/109730148.cms,02-04-2025
https://economictimes.indiatimes.com/tech/technology/rolling-along-this-techade/articleshow/81592991.cms,02-04-2025
https://economictimes.indiatimes.com/markets/stocks/news/restructuring-impacts-even-the-smallest-player-5-not-so-much-talked-about-psu-banks-with-upside-potential-of-up-to-16/articleshow/110175958.cms,02-04-2025
/wealth/save/credit-line-on-upi-how-to-use-icici-bank-and-phonepes-instant-credit-line-on-upi/slideshow/114035281.cms,02-04-2025
https://economictimes.indiatimes.com/tech/technology/hp-puts-its-money-on-ai-pc-to-drive-growth-in-india/articleshow/104222492.cms,02-04-2025
/wealth/spend/sbi-credit-card-bill-payment-how-to-pay-sbi-credit-card-bill-via-neft-upi-yono-bbps-more/slideshow/118178848.cms,02-04-2025
/wealth/save/how-is-e-rupee-different-from-cash-upi-and-cryptocurrency/slideshow/101756183.cms,02-04-2025
https://economictimes.indiatimes.com/news/economy/policy/rbi-mpc-credit-card-linked-upi-payments-to-be-allowed-starting-with-rupay-credit-cards/videoshow/92074976.cms,02-04-2025
https://economictimes.indiatimes.com/et-now/tech/universal-payment-interface-upi-goes-live-with-21-banks/videoshow/53862118.cms,02-04-2025
https://economictimes.indiatimes.com/tech/catalysts/ettech-opinion-india-stack-are-we-there-yet/articleshow/96643696.cms,02-04-2025
/wealth/save/upi-changes-in-2024-upi-lite-auto-top-up-transaction-limit-hike-upi-circle-other-new-features/slideshow/116215144.cms,02-04-2025
https://economictimes.indiatimes.com/small-biz/entrepreneurship/with-kernel-a-georgian-entrepreneur-wants-to-help-indian-msmes-with-gst/articleshow/99574614.cms,02-04-2025
https://economictimes.indiatimes.com/news/economy/policy/upi-perhaps-the-most-efficient-and-advanced-payment-system-in-the-world-rbi-guv/videoshow/102602864.cms,02-04-2025
https://economictimes.indiatimes.com/tech/technology/transforming-governance/articleshow/96993087.cms,02-04-2025
https://economictimes.indiatimes.com/et-now/daily/budget-likely-to-announce-new-tax-sops-for-e-payments-sources/videoshow/56515960.cms,02-04-2025
https://economictimes.indiatimes.com/news/india/fascinated-german-minister-praises-indias-upi-as-he-makes-payment-at-a-vegetable-shop/videoshow/102930109.cms,02-04-2025
https://economictimes.indiatimes.com/tech/technology/armed-with-merchant-focused-super-apps-banks-look-to-reclaim-the-qr-code-based-payments-market/articleshow/111585389.cms,02-04-2025
https://economictimes.indiatimes.com/tech/tech-bytes/view-digital-india-is-the-bridge-to-immense-opportunities/articleshow/78902367.cms,02-04-2025
https://economictimes.indiatimes.com/news/india/budget-2025-parl-session-prez-murmu-underlines-upis-global-success-and-deep-fakes-security-issues/videoshow/117777519.cms,02-04-2025
/wealth/spend/rupay-credit-card-on-upi-for-govt-employees-all-you-need-to-know/slideshow/106669918.cms,02-04-2025
https://economictimes.indiatimes.com/news/economy/policy/view-how-to-pull-the-indian-economy-out-of-its-rut/articleshow/77877945.cms,02-04-2025
https://economictimes.indiatimes.com/news/india/singapore-india-money-transfers-to-become-easier-upi-coming-soon-indian-envoy-confirms/videoshow/95464680.cms,02-04-2025
https://economictimes.indiatimes.com/tech/internet/digital-fever-outpaces-coronavirus-as-fear-convenience-weigh/articleshow/78154366.cms,02-04-2025
https://economictimes.indiatimes.com/news/india/singapore-india-money-transfers-to-become-easier-upi-coming-soon-indian-envoy-confirms/videoshow/95464680.cms,02-04-2025
https://economictimes.indiatimes.com/tech/internet/digital-fever-outpaces-coronavirus-as-fear-convenience-weigh/articleshow/78154366.cms,02-04-2025
/top-trending-products/news/amazon-prime-day-sale-exclusive-prime-day-launches-up-to-60-off-on-speakers-and-soundbars/articleshow/111744690.cms,02-04-2025
/wealth/web-stories/how-to-link-rupay-credit-card-with-upi/slideshow/110530684.cms,02-04-2025
https://economictimes.indiatimes.com/markets/expert-view/digant-haria-on-2-bank-stocks-that-may-play-catch-up-as-fiis-return/articleshow/93610692.cms,02-04-2025
https://economictimes.indiatimes.com/markets/stocks/news/sebi-chairperson-madhabi-puri-buch-on-steps-taken-to-prevent-fraud-by-a-stock-broker/videoshow/99094689.cms,02-04-2025
https://economictimes.indiatimes.com/tech/technology/discover-and-hdfc-bank-set-sight-on-doubling-diners-club-card-base-in-india/articleshow/103442156.cms,02-04-2025
https://economictimes.indiatimes.com/markets/stocks/news/with-citi-in-its-corner-axis-bank-gets-ready-to-take-the-gloves-off/articleshow/90722051.cms,02-04-2025
https://economictimes.indiatimes.com/wealth/spend/do-you-have-to-pay-a-fee-for-every-upi-transaction-above-rs-2000/videoshow/99095535.cms,02-04-2025
/wealth/save/upi-per-transaction-per-day-limit-12-banks-upi-limit-details/slideshow/112419361.cms,02-04-2025
/industry/telecom/from-disappearing-messages-to-upi-payments-new-features-that-came-to-whatsapp-in-2020/slideshow/79940114.cms,02-04-2025
/industry/banking/finance/banking/how-to-withdraw-cash-from-the-new-upi-atm/slideshow/103504969.cms,02-04-2025
https://economictimes.indiatimes.com/small-biz/entrepreneurship/an-electric-motor-from-bengaluru-can-break-chinas-rare-earth-mineral-hegemony/articleshow/97966989.cms,02-04-2025
/wealth/spend/upi-single-block-multiple-debit-facility-coming-soon-how-it-will-help-you/slideshow/96085789.cms,02-04-2025
https://economictimes.indiatimes.com/tech/technology/govt-gives-big-tech-an-opportunity-to-show-age-gating-plans-for-dpdp-implementation/articleshow/103939291.cms,02-04-2025
https://economictimes.indiatimes.com/news/india/eam-jaishankar-on-cashless-payments-what-america-does-in-3-years-india-does-just-in-a-month/videoshow/107058929.cms,02-04-2025
/wealth/web-stories/upi-and-upi-lite-what-are-the-differences/slideshow/94621349.cms,02-04-2025
